node_id,tablero,fila,columna
0,0,0,0
1,0,0,1
2,0,0,2
3,0,0,3
4,0,0,4
5,0,0,5
6,0,0,6
7,0,0,7
8,0,0,8
9,0,1,0
10,0,1,1
11,0,1,2
12,0,1,3
13,0,1,4
14,0,1,5
15,0,1,6
16,0,1,7
17,0,1,8
18,0,2,0
19,0,2,1
20,0,2,2
21,0,2,3
22,0,2,4
23,0,2,5
24,0,2,6
25,0,2,7
26,0,2,8
27,0,3,0
28,0,3,1
29,0,3,2
30,0,3,3
31,0,3,4
32,0,3,5
33,0,3,6
34,0,3,7
35,0,3,8
36,0,4,0
37,0,4,1
38,0,4,2
39,0,4,3
40,0,4,4
41,0,4,5
42,0,4,6
43,0,4,7
44,0,4,8
45,0,5,0
46,0,5,1
47,0,5,2
48,0,5,3
49,0,5,4
50,0,5,5
51,0,5,6
52,0,5,7
53,0,5,8
54,0,6,0
55,0,6,1
56,0,6,2
57,0,6,3
58,0,6,4
59,0,6,5
60,0,6,6
61,0,6,7
62,0,6,8
63,0,7,0
64,0,7,1
65,0,7,2
66,0,7,3
67,0,7,4
68,0,7,5
69,0,7,6
70,0,7,7
71,0,7,8
72,0,8,0
73,0,8,1
74,0,8,2
75,0,8,3
76,0,8,4
77,0,8,5
78,0,8,6
79,0,8,7
80,0,8,8
81,1,0,0
82,1,0,1
83,1,0,2
84,1,0,3
85,1,0,4
86,1,0,5
87,1,0,6
88,1,0,7
89,1,0,8
90,1,1,0
91,1,1,1
92,1,1,2
93,1,1,3
94,1,1,4
95,1,1,5
96,1,1,6
97,1,1,7
98,1,1,8
99,1,2,0
100,1,2,1
101,1,2,2
102,1,2,3
103,1,2,4
104,1,2,5
105,1,2,6
106,1,2,7
107,1,2,8
108,1,3,0
109,1,3,1
110,1,3,2
111,1,3,3
112,1,3,4
113,1,3,5
114,1,3,6
115,1,3,7
116,1,3,8
117,1,4,0
118,1,4,1
119,1,4,2
120,1,4,3
121,1,4,4
122,1,4,5
123,1,4,6
124,1,4,7
125,1,4,8
126,1,5,0
127,1,5,1
128,1,5,2
129,1,5,3
130,1,5,4
131,1,5,5
132,1,5,6
133,1,5,7
134,1,5,8
135,1,6,0
136,1,6,1
137,1,6,2
138,1,6,3
139,1,6,4
140,1,6,5
141,1,6,6
142,1,6,7
143,1,6,8
144,1,7,0
145,1,7,1
146,1,7,2
147,1,7,3
148,1,7,4
149,1,7,5
150,1,7,6
151,1,7,7
152,1,7,8
153,1,8,0
154,1,8,1
155,1,8,2
156,1,8,3
157,1,8,4
158,1,8,5
159,1,8,6
160,1,8,7
161,1,8,8
162,2,0,0
163,2,0,1
164,2,0,2
165,2,0,3
166,2,0,4
167,2,0,5
168,2,0,6
169,2,0,7
170,2,0,8
171,2,1,0
172,2,1,1
173,2,1,2
174,2,1,3
175,2,1,4
176,2,1,5
177,2,1,6
178,2,1,7
179,2,1,8
180,2,2,0
181,2,2,1
182,2,2,2
183,2,2,3
184,2,2,4
185,2,2,5
186,2,2,6
187,2,2,7
188,2,2,8
189,2,3,0
190,2,3,1
191,2,3,2
192,2,3,3
193,2,3,4
194,2,3,5
195,2,3,6
196,2,3,7
197,2,3,8
198,2,4,0
199,2,4,1
200,2,4,2
201,2,4,3
202,2,4,4
203,2,4,5
204,2,4,6
205,2,4,7
206,2,4,8
207,2,5,0
208,2,5,1
209,2,5,2
210,2,5,3
211,2,5,4
212,2,5,5
213,2,5,6
214,2,5,7
215,2,5,8
216,2,6,0
217,2,6,1
218,2,6,2
219,2,6,3
220,2,6,4
221,2,6,5
222,2,6,6
223,2,6,7
224,2,6,8
225,2,7,0
226,2,7,1
227,2,7,2
228,2,7,3
229,2,7,4
230,2,7,5
231,2,7,6
232,2,7,7
233,2,7,8
234,2,8,0
235,2,8,1
236,2,8,2
237,2,8,3
238,2,8,4
239,2,8,5
240,2,8,6
241,2,8,7
242,2,8,8
243,3,0,0
244,3,0,1
245,3,0,2
246,3,0,3
247,3,0,4
248,3,0,5
249,3,0,6
250,3,0,7
251,3,0,8
252,3,1,0
253,3,1,1
254,3,1,2
255,3,1,3
256,3,1,4
257,3,1,5
258,3,1,6
259,3,1,7
260,3,1,8
261,3,2,0
262,3,2,1
263,3,2,2
264,3,2,3
265,3,2,4
266,3,2,5
267,3,2,6
268,3,2,7
269,3,2,8
270,3,3,0
271,3,3,1
272,3,3,2
273,3,3,3
274,3,3,4
275,3,3,5
276,3,3,6
277,3,3,7
278,3,3,8
279,3,4,0
280,3,4,1
281,3,4,2
282,3,4,3
283,3,4,4
284,3,4,5
285,3,4,6
286,3,4,7
287,3,4,8
288,3,5,0
289,3,5,1
290,3,5,2
291,3,5,3
292,3,5,4
293,3,5,5
294,3,5,6
295,3,5,7
296,3,5,8
297,3,6,0
298,3,6,1
299,3,6,2
300,3,6,3
301,3,6,4
302,3,6,5
303,3,6,6
304,3,6,7
305,3,6,8
306,3,7,0
307,3,7,1
308,3,7,2
309,3,7,3
310,3,7,4
311,3,7,5
312,3,7,6
313,3,7,7
314,3,7,8
315,3,8,0
316,3,8,1
317,3,8,2
318,3,8,3
319,3,8,4
320,3,8,5
321,3,8,6
322,3,8,7
323,3,8,8
324,4,0,0
325,4,0,1
326,4,0,2
327,4,0,3
328,4,0,4
329,4,0,5
330,4,0,6
331,4,0,7
332,4,0,8
333,4,1,0
334,4,1,1
335,4,1,2
336,4,1,3
337,4,1,4
338,4,1,5
339,4,1,6
340,4,1,7
341,4,1,8
342,4,2,0
343,4,2,1
344,4,2,2
345,4,2,3
346,4,2,4
347,4,2,5
348,4,2,6
349,4,2,7
350,4,2,8
351,4,3,0
352,4,3,1
353,4,3,2
354,4,3,3
355,4,3,4
356,4,3,5
357,4,3,6
358,4,3,7
359,4,3,8
360,4,4,0
361,4,4,1
362,4,4,2
363,4,4,3
364,4,4,4
365,4,4,5
366,4,4,6
367,4,4,7
368,4,4,8
369,4,5,0
370,4,5,1
371,4,5,2
372,4,5,3
373,4,5,4
374,4,5,5
375,4,5,6
376,4,5,7
377,4,5,8
378,4,6,0
379,4,6,1
380,4,6,2
381,4,6,3
382,4,6,4
383,4,6,5
384,4,6,6
385,4,6,7
386,4,6,8
387,4,7,0
388,4,7,1
389,4,7,2
390,4,7,3
391,4,7,4
392,4,7,5
393,4,7,6
394,4,7,7
395,4,7,8
396,4,8,0
397,4,8,1
398,4,8,2
399,4,8,3
400,4,8,4
401,4,8,5
402,4,8,6
403,4,8,7
404,4,8,8
405,5,0,0
406,5,0,1
407,5,0,2
408,5,0,3
409,5,0,4
410,5,0,5
411,5,0,6
412,5,0,7
413,5,0,8
414,5,1,0
415,5,1,1
416,5,1,2
417,5,1,3
418,5,1,4
419,5,1,5
420,5,1,6
421,5,1,7
422,5,1,8
423,5,2,0
424,5,2,1
425,5,2,2
426,5,2,3
427,5,2,4
428,5,2,5
429,5,2,6
430,5,2,7
431,5,2,8
432,5,3,0
433,5,3,1
434,5,3,2
435,5,3,3
436,5,3,4
437,5,3,5
438,5,3,6
439,5,3,7
440,5,3,8
441,5,4,0
442,5,4,1
443,5,4,2
444,5,4,3
445,5,4,4
446,5,4,5
447,5,4,6
448,5,4,7
449,5,4,8
450,5,5,0
451,5,5,1
452,5,5,2
453,5,5,3
454,5,5,4
455,5,5,5
456,5,5,6
457,5,5,7
458,5,5,8
459,5,6,0
460,5,6,1
461,5,6,2
462,5,6,3
463,5,6,4
464,5,6,5
465,5,6,6
466,5,6,7
467,5,6,8
468,5,7,0
469,5,7,1
470,5,7,2
471,5,7,3
472,5,7,4
473,5,7,5
474,5,7,6
475,5,7,7
476,5,7,8
477,5,8,0
478,5,8,1
479,5,8,2
480,5,8,3
481,5,8,4
482,5,8,5
483,5,8,6
484,5,8,7
485,5,8,8
486,6,0,0
487,6,0,1
488,6,0,2
489,6,0,3
490,6,0,4
491,6,0,5
492,6,0,6
493,6,0,7
494,6,0,8
495,6,1,0
496,6,1,1
497,6,1,2
498,6,1,3
499,6,1,4
500,6,1,5
501,6,1,6
502,6,1,7
503,6,1,8
504,6,2,0
505,6,2,1
506,6,2,2
507,6,2,3
508,6,2,4
509,6,2,5
510,6,2,6
511,6,2,7
512,6,2,8
513,6,3,0
514,6,3,1
515,6,3,2
516,6,3,3
517,6,3,4
518,6,3,5
519,6,3,6
520,6,3,7
521,6,3,8
522,6,4,0
523,6,4,1
524,6,4,2
525,6,4,3
526,6,4,4
527,6,4,5
528,6,4,6
529,6,4,7
530,6,4,8
531,6,5,0
532,6,5,1
533,6,5,2
534,6,5,3
535,6,5,4
536,6,5,5
537,6,5,6
538,6,5,7
539,6,5,8
540,6,6,0
541,6,6,1
542,6,6,2
543,6,6,3
544,6,6,4
545,6,6,5
546,6,6,6
547,6,6,7
548,6,6,8
549,6,7,0
550,6,7,1
551,6,7,2
552,6,7,3
553,6,7,4
554,6,7,5
555,6,7,6
556,6,7,7
557,6,7,8
558,6,8,0
559,6,8,1
560,6,8,2
561,6,8,3
562,6,8,4
563,6,8,5
564,6,8,6
565,6,8,7
566,6,8,8
567,7,0,0
568,7,0,1
569,7,0,2
570,7,0,3
571,7,0,4
572,7,0,5
573,7,0,6
574,7,0,7
575,7,0,8
576,7,1,0
577,7,1,1
578,7,1,2
579,7,1,3
580,7,1,4
581,7,1,5
582,7,1,6
583,7,1,7
584,7,1,8
585,7,2,0
586,7,2,1
587,7,2,2
588,7,2,3
589,7,2,4
590,7,2,5
591,7,2,6
592,7,2,7
593,7,2,8
594,7,3,0
595,7,3,1
596,7,3,2
597,7,3,3
598,7,3,4
599,7,3,5
600,7,3,6
601,7,3,7
602,7,3,8
603,7,4,0
604,7,4,1
605,7,4,2
606,7,4,3
607,7,4,4
608,7,4,5
609,7,4,6
610,7,4,7
611,7,4,8
612,7,5,0
613,7,5,1
614,7,5,2
615,7,5,3
616,7,5,4
617,7,5,5
618,7,5,6
619,7,5,7
620,7,5,8
621,7,6,0
622,7,6,1
623,7,6,2
624,7,6,3
625,7,6,4
626,7,6,5
627,7,6,6
628,7,6,7
629,7,6,8
630,7,7,0
631,7,7,1
632,7,7,2
633,7,7,3
634,7,7,4
635,7,7,5
636,7,7,6
637,7,7,7
638,7,7,8
639,7,8,0
640,7,8,1
641,7,8,2
642,7,8,3
643,7,8,4
644,7,8,5
645,7,8,6
646,7,8,7
647,7,8,8
648,8,0,0
649,8,0,1
650,8,0,2
651,8,0,3
652,8,0,4
653,8,0,5
654,8,0,6
655,8,0,7
656,8,0,8
657,8,1,0
658,8,1,1
659,8,1,2
660,8,1,3
661,8,1,4
662,8,1,5
663,8,1,6
664,8,1,7
665,8,1,8
666,8,2,0
667,8,2,1
668,8,2,2
669,8,2,3
670,8,2,4
671,8,2,5
672,8,2,6
673,8,2,7
674,8,2,8
675,8,3,0
676,8,3,1
677,8,3,2
678,8,3,3
679,8,3,4
680,8,3,5
681,8,3,6
682,8,3,7
683,8,3,8
684,8,4,0
685,8,4,1
686,8,4,2
687,8,4,3
688,8,4,4
689,8,4,5
690,8,4,6
691,8,4,7
692,8,4,8
693,8,5,0
694,8,5,1
695,8,5,2
696,8,5,3
697,8,5,4
698,8,5,5
699,8,5,6
700,8,5,7
701,8,5,8
702,8,6,0
703,8,6,1
704,8,6,2
705,8,6,3
706,8,6,4
707,8,6,5
708,8,6,6
709,8,6,7
710,8,6,8
711,8,7,0
712,8,7,1
713,8,7,2
714,8,7,3
715,8,7,4
716,8,7,5
717,8,7,6
718,8,7,7
719,8,7,8
720,8,8,0
721,8,8,1
722,8,8,2
723,8,8,3
724,8,8,4
725,8,8,5
726,8,8,6
727,8,8,7
728,8,8,8
729,9,0,0
730,9,0,1
731,9,0,2
732,9,0,3
733,9,0,4
734,9,0,5
735,9,0,6
736,9,0,7
737,9,0,8
738,9,1,0
739,9,1,1
740,9,1,2
741,9,1,3
742,9,1,4
743,9,1,5
744,9,1,6
745,9,1,7
746,9,1,8
747,9,2,0
748,9,2,1
749,9,2,2
750,9,2,3
751,9,2,4
752,9,2,5
753,9,2,6
754,9,2,7
755,9,2,8
756,9,3,0
757,9,3,1
758,9,3,2
759,9,3,3
760,9,3,4
761,9,3,5
762,9,3,6
763,9,3,7
764,9,3,8
765,9,4,0
766,9,4,1
767,9,4,2
768,9,4,3
769,9,4,4
770,9,4,5
771,9,4,6
772,9,4,7
773,9,4,8
774,9,5,0
775,9,5,1
776,9,5,2
777,9,5,3
778,9,5,4
779,9,5,5
780,9,5,6
781,9,5,7
782,9,5,8
783,9,6,0
784,9,6,1
785,9,6,2
786,9,6,3
787,9,6,4
788,9,6,5
789,9,6,6
790,9,6,7
791,9,6,8
792,9,7,0
793,9,7,1
794,9,7,2
795,9,7,3
796,9,7,4
797,9,7,5
798,9,7,6
799,9,7,7
800,9,7,8
801,9,8,0
802,9,8,1
803,9,8,2
804,9,8,3
805,9,8,4
806,9,8,5
807,9,8,6
808,9,8,7
809,9,8,8
810,10,0,0
811,10,0,1
812,10,0,2
813,10,0,3
814,10,0,4
815,10,0,5
816,10,0,6
817,10,0,7
818,10,0,8
819,10,1,0
820,10,1,1
821,10,1,2
822,10,1,3
823,10,1,4
824,10,1,5
825,10,1,6
826,10,1,7
827,10,1,8
828,10,2,0
829,10,2,1
830,10,2,2
831,10,2,3
832,10,2,4
833,10,2,5
834,10,2,6
835,10,2,7
836,10,2,8
837,10,3,0
838,10,3,1
839,10,3,2
840,10,3,3
841,10,3,4
842,10,3,5
843,10,3,6
844,10,3,7
845,10,3,8
846,10,4,0
847,10,4,1
848,10,4,2
849,10,4,3
850,10,4,4
851,10,4,5
852,10,4,6
853,10,4,7
854,10,4,8
855,10,5,0
856,10,5,1
857,10,5,2
858,10,5,3
859,10,5,4
860,10,5,5
861,10,5,6
862,10,5,7
863,10,5,8
864,10,6,0
865,10,6,1
866,10,6,2
867,10,6,3
868,10,6,4
869,10,6,5
870,10,6,6
871,10,6,7
872,10,6,8
873,10,7,0
874,10,7,1
875,10,7,2
876,10,7,3
877,10,7,4
878,10,7,5
879,10,7,6
880,10,7,7
881,10,7,8
882,10,8,0
883,10,8,1
884,10,8,2
885,10,8,3
886,10,8,4
887,10,8,5
888,10,8,6
889,10,8,7
890,10,8,8
891,11,0,0
892,11,0,1
893,11,0,2
894,11,0,3
895,11,0,4
896,11,0,5
897,11,0,6
898,11,0,7
899,11,0,8
900,11,1,0
901,11,1,1
902,11,1,2
903,11,1,3
904,11,1,4
905,11,1,5
906,11,1,6
907,11,1,7
908,11,1,8
909,11,2,0
910,11,2,1
911,11,2,2
912,11,2,3
913,11,2,4
914,11,2,5
915,11,2,6
916,11,2,7
917,11,2,8
918,11,3,0
919,11,3,1
920,11,3,2
921,11,3,3
922,11,3,4
923,11,3,5
924,11,3,6
925,11,3,7
926,11,3,8
927,11,4,0
928,11,4,1
929,11,4,2
930,11,4,3
931,11,4,4
932,11,4,5
933,11,4,6
934,11,4,7
935,11,4,8
936,11,5,0
937,11,5,1
938,11,5,2
939,11,5,3
940,11,5,4
941,11,5,5
942,11,5,6
943,11,5,7
944,11,5,8
945,11,6,0
946,11,6,1
947,11,6,2
948,11,6,3
949,11,6,4
950,11,6,5
951,11,6,6
952,11,6,7
953,11,6,8
954,11,7,0
955,11,7,1
956,11,7,2
957,11,7,3
958,11,7,4
959,11,7,5
960,11,7,6
961,11,7,7
962,11,7,8
963,11,8,0
964,11,8,1
965,11,8,2
966,11,8,3
967,11,8,4
968,11,8,5
969,11,8,6
970,11,8,7
971,11,8,8
972,12,0,0
973,12,0,1
974,12,0,2
975,12,0,3
976,12,0,4
977,12,0,5
978,12,0,6
979,12,0,7
980,12,0,8
981,12,1,0
982,12,1,1
983,12,1,2
984,12,1,3
985,12,1,4
986,12,1,5
987,12,1,6
988,12,1,7
989,12,1,8
990,12,2,0
991,12,2,1
992,12,2,2
993,12,2,3
994,12,2,4
995,12,2,5
996,12,2,6
997,12,2,7
998,12,2,8
999,12,3,0
1000,12,3,1
1001,12,3,2
1002,12,3,3
1003,12,3,4
1004,12,3,5
1005,12,3,6
1006,12,3,7
1007,12,3,8
1008,12,4,0
1009,12,4,1
1010,12,4,2
1011,12,4,3
1012,12,4,4
1013,12,4,5
1014,12,4,6
1015,12,4,7
1016,12,4,8
1017,12,5,0
1018,12,5,1
1019,12,5,2
1020,12,5,3
1021,12,5,4
1022,12,5,5
1023,12,5,6
1024,12,5,7
1025,12,5,8
1026,12,6,0
1027,12,6,1
1028,12,6,2
1029,12,6,3
1030,12,6,4
1031,12,6,5
1032,12,6,6
1033,12,6,7
1034,12,6,8
1035,12,7,0
1036,12,7,1
1037,12,7,2
1038,12,7,3
1039,12,7,4
1040,12,7,5
1041,12,7,6
1042,12,7,7
1043,12,7,8
1044,12,8,0
1045,12,8,1
1046,12,8,2
1047,12,8,3
1048,12,8,4
1049,12,8,5
1050,12,8,6
1051,12,8,7
1052,12,8,8
1053,13,0,0
1054,13,0,1
1055,13,0,2
1056,13,0,3
1057,13,0,4
1058,13,0,5
1059,13,0,6
1060,13,0,7
1061,13,0,8
1062,13,1,0
1063,13,1,1
1064,13,1,2
1065,13,1,3
1066,13,1,4
1067,13,1,5
1068,13,1,6
1069,13,1,7
1070,13,1,8
1071,13,2,0
1072,13,2,1
1073,13,2,2
1074,13,2,3
1075,13,2,4
1076,13,2,5
1077,13,2,6
1078,13,2,7
1079,13,2,8
1080,13,3,0
1081,13,3,1
1082,13,3,2
1083,13,3,3
1084,13,3,4
1085,13,3,5
1086,13,3,6
1087,13,3,7
1088,13,3,8
1089,13,4,0
1090,13,4,1
1091,13,4,2
1092,13,4,3
1093,13,4,4
1094,13,4,5
1095,13,4,6
1096,13,4,7
1097,13,4,8
1098,13,5,0
1099,13,5,1
1100,13,5,2
1101,13,5,3
1102,13,5,4
1103,13,5,5
1104,13,5,6
1105,13,5,7
1106,13,5,8
1107,13,6,0
1108,13,6,1
1109,13,6,2
1110,13,6,3
1111,13,6,4
1112,13,6,5
1113,13,6,6
1114,13,6,7
1115,13,6,8
1116,13,7,0
1117,13,7,1
1118,13,7,2
1119,13,7,3
1120,13,7,4
1121,13,7,5
1122,13,7,6
1123,13,7,7
1124,13,7,8
1125,13,8,0
1126,13,8,1
1127,13,8,2
1128,13,8,3
1129,13,8,4
1130,13,8,5
1131,13,8,6
1132,13,8,7
1133,13,8,8
1134,14,0,0
1135,14,0,1
1136,14,0,2
1137,14,0,3
1138,14,0,4
1139,14,0,5
1140,14,0,6
1141,14,0,7
1142,14,0,8
1143,14,1,0
1144,14,1,1
1145,14,1,2
1146,14,1,3
1147,14,1,4
1148,14,1,5
1149,14,1,6
1150,14,1,7
1151,14,1,8
1152,14,2,0
1153,14,2,1
1154,14,2,2
1155,14,2,3
1156,14,2,4
1157,14,2,5
1158,14,2,6
1159,14,2,7
1160,14,2,8
1161,14,3,0
1162,14,3,1
1163,14,3,2
1164,14,3,3
1165,14,3,4
1166,14,3,5
1167,14,3,6
1168,14,3,7
1169,14,3,8
1170,14,4,0
1171,14,4,1
1172,14,4,2
1173,14,4,3
1174,14,4,4
1175,14,4,5
1176,14,4,6
1177,14,4,7
1178,14,4,8
1179,14,5,0
1180,14,5,1
1181,14,5,2
1182,14,5,3
1183,14,5,4
1184,14,5,5
1185,14,5,6
1186,14,5,7
1187,14,5,8
1188,14,6,0
1189,14,6,1
1190,14,6,2
1191,14,6,3
1192,14,6,4
1193,14,6,5
1194,14,6,6
1195,14,6,7
1196,14,6,8
1197,14,7,0
1198,14,7,1
1199,14,7,2
1200,14,7,3
1201,14,7,4
1202,14,7,5
1203,14,7,6
1204,14,7,7
1205,14,7,8
1206,14,8,0
1207,14,8,1
1208,14,8,2
1209,14,8,3
1210,14,8,4
1211,14,8,5
1212,14,8,6
1213,14,8,7
1214,14,8,8
1215,15,0,0
1216,15,0,1
1217,15,0,2
1218,15,0,3
1219,15,0,4
1220,15,0,5
1221,15,0,6
1222,15,0,7
1223,15,0,8
1224,15,1,0
1225,15,1,1
1226,15,1,2
1227,15,1,3
1228,15,1,4
1229,15,1,5
1230,15,1,6
1231,15,1,7
1232,15,1,8
1233,15,2,0
1234,15,2,1
1235,15,2,2
1236,15,2,3
1237,15,2,4
1238,15,2,5
1239,15,2,6
1240,15,2,7
1241,15,2,8
1242,15,3,0
1243,15,3,1
1244,15,3,2
1245,15,3,3
1246,15,3,4
1247,15,3,5
1248,15,3,6
1249,15,3,7
1250,15,3,8
1251,15,4,0
1252,15,4,1
1253,15,4,2
1254,15,4,3
1255,15,4,4
1256,15,4,5
1257,15,4,6
1258,15,4,7
1259,15,4,8
1260,15,5,0
1261,15,5,1
1262,15,5,2
1263,15,5,3
1264,15,5,4
1265,15,5,5
1266,15,5,6
1267,15,5,7
1268,15,5,8
1269,15,6,0
1270,15,6,1
1271,15,6,2
1272,15,6,3
1273,15,6,4
1274,15,6,5
1275,15,6,6
1276,15,6,7
1277,15,6,8
1278,15,7,0
1279,15,7,1
1280,15,7,2
1281,15,7,3
1282,15,7,4
1283,15,7,5
1284,15,7,6
1285,15,7,7
1286,15,7,8
1287,15,8,0
1288,15,8,1
1289,15,8,2
1290,15,8,3
1291,15,8,4
1292,15,8,5
1293,15,8,6
1294,15,8,7
1295,15,8,8
1296,16,0,0
1297,16,0,1
1298,16,0,2
1299,16,0,3
1300,16,0,4
1301,16,0,5
1302,16,0,6
1303,16,0,7
1304,16,0,8
1305,16,1,0
1306,16,1,1
1307,16,1,2
1308,16,1,3
1309,16,1,4
1310,16,1,5
1311,16,1,6
1312,16,1,7
1313,16,1,8
1314,16,2,0
1315,16,2,1
1316,16,2,2
1317,16,2,3
1318,16,2,4
1319,16,2,5
1320,16,2,6
1321,16,2,7
1322,16,2,8
1323,16,3,0
1324,16,3,1
1325,16,3,2
1326,16,3,3
1327,16,3,4
1328,16,3,5
1329,16,3,6
1330,16,3,7
1331,16,3,8
1332,16,4,0
1333,16,4,1
1334,16,4,2
1335,16,4,3
1336,16,4,4
1337,16,4,5
1338,16,4,6
1339,16,4,7
1340,16,4,8
1341,16,5,0
1342,16,5,1
1343,16,5,2
1344,16,5,3
1345,16,5,4
1346,16,5,5
1347,16,5,6
1348,16,5,7
1349,16,5,8
1350,16,6,0
1351,16,6,1
1352,16,6,2
1353,16,6,3
1354,16,6,4
1355,16,6,5
1356,16,6,6
1357,16,6,7
1358,16,6,8
1359,16,7,0
1360,16,7,1
1361,16,7,2
1362,16,7,3
1363,16,7,4
1364,16,7,5
1365,16,7,6
1366,16,7,7
1367,16,7,8
1368,16,8,0
1369,16,8,1
1370,16,8,2
1371,16,8,3
1372,16,8,4
1373,16,8,5
1374,16,8,6
1375,16,8,7
1376,16,8,8
1377,17,0,0
1378,17,0,1
1379,17,0,2
1380,17,0,3
1381,17,0,4
1382,17,0,5
1383,17,0,6
1384,17,0,7
1385,17,0,8
1386,17,1,0
1387,17,1,1
1388,17,1,2
1389,17,1,3
1390,17,1,4
1391,17,1,5
1392,17,1,6
1393,17,1,7
1394,17,1,8
1395,17,2,0
1396,17,2,1
1397,17,2,2
1398,17,2,3
1399,17,2,4
1400,17,2,5
1401,17,2,6
1402,17,2,7
1403,17,2,8
1404,17,3,0
1405,17,3,1
1406,17,3,2
1407,17,3,3
1408,17,3,4
1409,17,3,5
1410,17,3,6
1411,17,3,7
1412,17,3,8
1413,17,4,0
1414,17,4,1
1415,17,4,2
1416,17,4,3
1417,17,4,4
1418,17,4,5
1419,17,4,6
1420,17,4,7
1421,17,4,8
1422,17,5,0
1423,17,5,1
1424,17,5,2
1425,17,5,3
1426,17,5,4
1427,17,5,5
1428,17,5,6
1429,17,5,7
1430,17,5,8
1431,17,6,0
1432,17,6,1
1433,17,6,2
1434,17,6,3
1435,17,6,4
1436,17,6,5
1437,17,6,6
1438,17,6,7
1439,17,6,8
1440,17,7,0
1441,17,7,1
1442,17,7,2
1443,17,7,3
1444,17,7,4
1445,17,7,5
1446,17,7,6
1447,17,7,7
1448,17,7,8
1449,17,8,0
1450,17,8,1
1451,17,8,2
1452,17,8,3
1453,17,8,4
1454,17,8,5
1455,17,8,6
1456,17,8,7
1457,17,8,8
1458,18,0,0
1459,18,0,1
1460,18,0,2
1461,18,0,3
1462,18,0,4
1463,18,0,5
1464,18,0,6
1465,18,0,7
1466,18,0,8
1467,18,1,0
1468,18,1,1
1469,18,1,2
1470,18,1,3
1471,18,1,4
1472,18,1,5
1473,18,1,6
1474,18,1,7
1475,18,1,8
1476,18,2,0
1477,18,2,1
1478,18,2,2
1479,18,2,3
1480,18,2,4
1481,18,2,5
1482,18,2,6
1483,18,2,7
1484,18,2,8
1485,18,3,0
1486,18,3,1
1487,18,3,2
1488,18,3,3
1489,18,3,4
1490,18,3,5
1491,18,3,6
1492,18,3,7
1493,18,3,8
1494,18,4,0
1495,18,4,1
1496,18,4,2
1497,18,4,3
1498,18,4,4
1499,18,4,5
1500,18,4,6
1501,18,4,7
1502,18,4,8
1503,18,5,0
1504,18,5,1
1505,18,5,2
1506,18,5,3
1507,18,5,4
1508,18,5,5
1509,18,5,6
1510,18,5,7
1511,18,5,8
1512,18,6,0
1513,18,6,1
1514,18,6,2
1515,18,6,3
1516,18,6,4
1517,18,6,5
1518,18,6,6
1519,18,6,7
1520,18,6,8
1521,18,7,0
1522,18,7,1
1523,18,7,2
1524,18,7,3
1525,18,7,4
1526,18,7,5
1527,18,7,6
1528,18,7,7
1529,18,7,8
1530,18,8,0
1531,18,8,1
1532,18,8,2
1533,18,8,3
1534,18,8,4
1535,18,8,5
1536,18,8,6
1537,18,8,7
1538,18,8,8
1539,19,0,0
1540,19,0,1
1541,19,0,2
1542,19,0,3
1543,19,0,4
1544,19,0,5
1545,19,0,6
1546,19,0,7
1547,19,0,8
1548,19,1,0
1549,19,1,1
1550,19,1,2
1551,19,1,3
1552,19,1,4
1553,19,1,5
1554,19,1,6
1555,19,1,7
1556,19,1,8
1557,19,2,0
1558,19,2,1
1559,19,2,2
1560,19,2,3
1561,19,2,4
1562,19,2,5
1563,19,2,6
1564,19,2,7
1565,19,2,8
1566,19,3,0
1567,19,3,1
1568,19,3,2
1569,19,3,3
1570,19,3,4
1571,19,3,5
1572,19,3,6
1573,19,3,7
1574,19,3,8
1575,19,4,0
1576,19,4,1
1577,19,4,2
1578,19,4,3
1579,19,4,4
1580,19,4,5
1581,19,4,6
1582,19,4,7
1583,19,4,8
1584,19,5,0
1585,19,5,1
1586,19,5,2
1587,19,5,3
1588,19,5,4
1589,19,5,5
1590,19,5,6
1591,19,5,7
1592,19,5,8
1593,19,6,0
1594,19,6,1
1595,19,6,2
1596,19,6,3
1597,19,6,4
1598,19,6,5
1599,19,6,6
1600,19,6,7
1601,19,6,8
1602,19,7,0
1603,19,7,1
1604,19,7,2
1605,19,7,3
1606,19,7,4
1607,19,7,5
1608,19,7,6
1609,19,7,7
1610,19,7,8
1611,19,8,0
1612,19,8,1
1613,19,8,2
1614,19,8,3
1615,19,8,4
1616,19,8,5
1617,19,8,6
1618,19,8,7
1619,19,8,8
